{"trial_id": "6e703f573122047022e3d20de1cbaaa6", "hyperparameters": {"space": [{"class_name": "Int", "config": {"name": "num_layers", "default": null, "conditions": [], "min_value": 1, "max_value": 4, "step": 1, "sampling": null}}, {"class_name": "Int", "config": {"name": "units_0", "default": null, "conditions": [], "min_value": 8, "max_value": 60, "step": 8, "sampling": null}}, {"class_name": "Choice", "config": {"name": "learning_rate", "default": 0.01, "conditions": [], "values": [0.01, 0.001], "ordered": true}}, {"class_name": "Int", "config": {"name": "units_1", "default": null, "conditions": [], "min_value": 8, "max_value": 60, "step": 8, "sampling": null}}, {"class_name": "Int", "config": {"name": "units_2", "default": null, "conditions": [], "min_value": 8, "max_value": 60, "step": 8, "sampling": null}}, {"class_name": "Int", "config": {"name": "units_3", "default": null, "conditions": [], "min_value": 8, "max_value": 60, "step": 8, "sampling": null}}], "values": {"num_layers": 4, "units_0": 8, "learning_rate": 0.001, "units_1": 8, "units_2": 8, "units_3": 8}}, "metrics": {"metrics": {"loss": {"direction": "min", "observations": [{"value": [0.22751760482788086], "step": 0}]}, "mse": {"direction": "min", "observations": [{"value": [0.22751760482788086], "step": 0}]}, "val_loss": {"direction": "min", "observations": [{"value": [0.21794674545526505], "step": 0}]}, "val_mse": {"direction": "min", "observations": [{"value": [0.21794674545526505], "step": 0}]}}}, "score": 0.22751760482788086, "best_step": 0, "status": "COMPLETED"}
